mysql> select * from FARM;
+--------+--------+---------------------+-------------------------+----------+-----------+---------+------------+----------------+
| FarmID | Emp_ID | FarmName            | FarmStreetAddr          | FarmCity | FarmState | FarmZip | FarmPhone  | FarmSpeciality |
+--------+--------+---------------------+-------------------------+----------+-----------+---------+------------+----------------+
|    100 |   NULL | Johnson Farms       | 123 Main Street         | DeKalb   | IL        |   60115 | 8158885555 | Pigs           |
|    200 |   NULL | Anderson Farms      | 438 State Street        | DeKalb   | IL        |   60115 | 8154447777 | Cows           |
|    300 |   NULL | Equine Stables      | 593 South First Street  | Waterman | IL        |   60457 | 6307771254 | Horses         |
|    400 |   NULL | Summerset Farms     | 19237 Perry Road        | Sandwich | IL        |   60425 | 8475249874 | Pigs           |
|    500 |   NULL | The Chicken Coop    | 6547 North Route 26     | Genoa    | IL        |   60147 | 8154789666 | Chickens       |
|    600 |   NULL | The Hog Cooperative | 92 East Somonauk Street | Sandwich | IL        |   60425 | 8475552222 | Pigs           |
|    700 |   NULL | Downhome Farm       | 3927 Lincoln Highway    | DeKalb   | IL        |   60115 | 8157774444 | Cows           |
|    800 |   NULL | Turkey Trot Farm    | 6098 Main Street        | Waterman | IL        |   60457 | 6302228888 | Turkeys        |
+--------+--------+---------------------+-------------------------+----------+-----------+---------+------------+----------------+
8 rows in set (0.00 sec)

mysql> select * from EMPLOYEE;
+--------+-----------+-----------+--------------+------------------------+----------+----------+--------+------------+------+------------------+
| Emp_ID | EmpFName  | EmpLName  | EmpBirthdate | EmpStreetAddress       | EmpCity  | EmpState | EmpZip | EmpPhone   | Type | NumberDependents |
+--------+-----------+-----------+--------------+------------------------+----------+----------+--------+------------+------+------------------+
|     10 | Susie     | Jones     | 1985-10-12   | 123 Main Street        | Anytown  | IL       |  60111 | 8151112222 | Perm |             NULL |
|     12 | Tommy     | Jones     | 1984-04-01   | 123 Main Street        | Anytown  | IL       |  60111 | 8151112222 | Perm |             NULL |
|     15 | Emily     | Smith     | 2030-01-01   | 897 State Street       | Sycamore | IL       |  60178 | 8152228888 | Temp |             NULL |
|     17 | Sammy     | Anderson  | 0953-04-03   | 476 Elm Street         | DeKalb   | IL       |  60115 | 8154449999 | Temp |             NULL |
|     18 | Priscilla | Baylor    | 0955-07-04   | 476 Elm Street         | DeKalb   | IL       |  60115 | 8158886666 | Temp |             NULL |
|     19 | Eileen    | Rodrigous | 0950-05-02   | 476 Elm Street         | DeKalb   | IL       |  60115 | 8154449999 | Perm |             NULL |
|     20 | Owen      | Swarez    | 1979-03-01   | 476 Elm Street         | DeKalb   | IL       |  60115 | 8154449999 | Perm |             NULL |
|     24 | Jack      | Johnson   | 1983-04-01   | 389 Lincoln Highway    | Sandwich | IL       |  60425 | 8475558888 | Temp |             NULL |
|     29 | Mary      | Anderson  | 0984-01-00   | 389 Lincoln Highway    | Sandwich | IL       |  60425 | 8475558888 | Temp |             NULL |
|     30 | John      | Davis     | 1982-09-01   | 389 Lincoln Highway    | Sandwich | IL       |  60425 | 8475558888 | Temp |             NULL |
|     32 | Ralph     | Carter    | 1985-11-28   | 473 High Street        | Sycamore | IL       |  60178 | 8152229999 | Temp |             NULL |
|     34 | Billy     | Thompson  | 1988-09-01   | 3847 South Main Street | Anytown  | IL       |  60111 | 8156667777 | Perm |             NULL |
|     38 | Sally     | Morris    | 0995-01-04   | 3847 South Main Street | Anytown  | IL       |  60111 | 8156667777 | Perm |             NULL |
+--------+-----------+-----------+--------------+------------------------+----------+----------+--------+------------+------+------------------+
13 rows in set (0.02 sec)

mysql> select * from WORKS_ON;
+--------+--------+--------------+------------+
| Emp_ID | FarmID | EmpStartDate | EmpEndDate |
+--------+--------+--------------+------------+
|     10 |    100 | 2/1/2000     | NULL       |
|     12 |    100 | 2/1/2000     | NULL       |
|     15 |    200 | 12/5/2004    | 2010/12/25 |
|     17 |    300 | 3/12/2004    | 9/12/2004  |
|     17 |    400 | 3/24/2006    | 10/5/2006  |
|     17 |    500 | 4/1/2007     | 9/2/2007   |
|     18 |    400 | 2/4/2005     | 6/15/2005  |
|     18 |    800 | 3/12/2006    | 1/30/2007  |
|     19 |    600 | 5/1/1995     | NULL       |
|     20 |    300 | 3/15/2009    | 2012/12/12 |
|     20 |    500 | 2012/12/13   | NULL       |
|     24 |    200 | 2/12/2015    | NULL       |
|     24 |    400 | 3/4/2012     | 9/23/2012  |
|     24 |    800 | 6/15/2011    | 9/20/2011  |
|     29 |    500 | 2/6/2012     | 3/24/2013  |
|     30 |    200 | 2010/10/15   | 2010/12/16 |
|     32 |    300 | 2012/11/12   | 1/15/2013  |
|     32 |    500 | 1/16/2013    | 9/23/2013  |
|     32 |    800 | 2/15/2014    | 014/9//3/  |
|     34 |    100 | 3/1/2013     | 5/31/2014  |
|     38 |    200 | 2/12/2000    | 2001/10/31 |
|     38 |    400 | 11/1/2001    | 6/30/2014  |
|     38 |    600 | 7/1/2014     | NULL       |
+--------+--------+--------------+------------+
23 rows in set (0.00 sec)


